# log
<?xml version="1.0" encoding="UTF-8"?>
<bookstore id="root">
    <book id="newBook"/>
    <book id="myBook">
        我的自传
    </book>
    <book id="book1" category="COOKING">
        <title lang="en" id="title1">
            Everyday  Italian
        </title>
        <price>
            29.99
        </price>
        <price>
            29.99
        </price>
        <price id="price4">
            price_1
            <discount id="discount">
                8折
                <coupon id="coupon">
                    满100减20
                    <valid id="valid">
                        2025-12-31前有效
                    </valid>
                </coupon>
            </discount>
        </price>
    </book>
</bookstore>
