{"OpenedFilePaths":["files/book.xml","files/story.txt","files/t.txt","files/huawei.txt","files/apple.txt","files/f.txt","files/xiaomi.xml","files/t.xml","files/google.xml"],"ActiveFilePath":"files/apple.txt","ModifiedFilePaths":["files/t.txt","files/huawei.txt","files/apple.txt","files/f.txt","files/xiaomi.xml","files/t.xml","files/google.xml","files/book.xml","files/story.txt"],"FileStates":[{"FilePath":"files/t.txt","LogEnabled":false},{"FilePath":"files/huawei.txt","LogEnabled":true},{"FilePath":"files/apple.txt","LogEnabled":true},{"FilePath":"files/f.txt","LogEnabled":false},{"FilePath":"files/xiaomi.xml","LogEnabled":false},{"FilePath":"files/t.xml","LogEnabled":true},{"FilePath":"files/google.xml","LogEnabled":true},{"FilePath":"files/book.xml","LogEnabled":true},{"FilePath":"files/story.txt","LogEnabled":false}]}
